id;productId;customerId;count;netPriceSumFormatted;timeFormatted
1;25;282;4;472,32;08.06.2019
2;7;531;7;1.472,31;20.04.2019
3;89;591;3;77,49;04.02.2020
4;56;850;5;553,50;22.05.2019
5;97;218;5;55,35;01.01.2019
6;90;501;11;243,54;15.05.2021
7;55;834;1;73,80;25.10.2020
8;29;622;10;1.291,50;23.09.2020
9;52;73;2;221,40;21.01.2021
10;5;679;11;1.623,60;27.03.2019
11;99;519;11;94,71;03.11.2019
12;24;268;3;413,28;08.04.2020
13;15;880;6;797,04;09.05.2020
14;53;217;4;393,60;10.05.2021
15;6;171;6;1.402,20;06.01.2019
16;69;439;4;241,08;10.01.2020
17;85;451;1;29,52;16.02.2020
18;74;722;11;568,26;12.06.2019
19;78;404;7;344,40;23.01.2020
20;5;339;8;1.180,80;05.08.2019
21;69;835;7;421,89;05.03.2019
22;72;43;7;464,94;14.10.2019
23;69;414;3;180,81;03.11.2020
24;88;589;5;147,60;01.10.2020
25;5;137;8;1.180,80;08.01.2021
26;86;934;11;405,90;29.06.2021
27;99;571;1;8,61;28.02.2019
28;10;88;3;420,66;25.12.2019
29;64;263;5;344,40;29.03.2020
30;48;357;8;865,92;14.10.2020
31;68;97;8;551,04;25.01.2019
32;38;158;10;1.279,20;02.08.2019
33;68;486;3;206,64;14.11.2019
34;96;297;9;110,70;27.03.2021
35;60;307;4;265,68;31.05.2020
36;76;67;4;246,00;08.07.2019
37;6;495;6;1.402,20;17.01.2020
38;14;446;5;774,90;27.12.2019
39;94;715;3;51,66;30.01.2019
40;93;307;12;236,16;04.01.2019
41;9;471;4;654,36;01.10.2020
42;89;953;4;103,32;31.10.2020
43;34;607;9;1.084,86;10.05.2021
44;100;652;10;73,80;21.11.2020
45;84;854;8;275,52;21.01.2021
46;78;236;6;295,20;04.02.2021
47;93;983;11;216,48;25.05.2020
48;34;258;1;120,54;15.06.2021
49;87;100;1;33,21;16.12.2020
50;90;38;11;243,54;23.03.2019
51;93;897;2;39,36;13.04.2020
52;83;89;1;39,36;28.04.2020
53;88;933;11;324,72;20.10.2019
54;68;392;3;206,64;11.09.2020
55;66;109;4;344,40;26.02.2021
56;72;288;3;199,26;15.11.2019
57;72;396;11;730,62;01.06.2020
58;100;858;9;66,42;23.04.2020
59;39;366;9;1.007,37;04.07.2020
60;52;433;11;1.217,70;22.04.2019
61;69;374;4;241,08;13.09.2020
62;15;266;1;132,84;29.10.2019
63;61;113;11;1.082,40;05.10.2019
64;35;626;10;1.033,20;21.03.2019
65;87;455;6;199,26;26.04.2020
66;16;720;8;1.672,80;03.06.2021
67;8;530;2;373,92;09.03.2020
68;89;21;11;284,13;25.07.2020
69;49;589;6;568,26;11.12.2019
70;28;214;11;1.623,60;12.08.2020
71;89;556;4;103,32;11.11.2020
72;54;17;9;774,90;07.12.2019
73;84;515;6;206,64;30.01.2021
74;63;477;1;78,72;23.06.2021
75;52;756;7;774,90;30.11.2019
76;24;375;2;275,52;08.05.2021
77;98;73;8;78,72;08.10.2020
78;73;505;9;531,36;13.09.2020
79;36;562;3;479,70;30.09.2019
80;6;902;3;701,10;07.02.2020
81;78;23;4;196,80;26.06.2019
82;23;365;5;787,20;22.05.2019
83;40;215;12;1.151,28;30.09.2019
84;30;240;9;996,30;31.05.2019
85;30;850;10;1.107,00;22.01.2021
86;87;254;11;365,31;18.01.2019
87;38;88;5;639,60;19.10.2020
88;52;803;4;442,80;12.12.2019
89;5;861;9;1.328,40;22.09.2020
90;36;196;6;959,40;20.09.2019
91;32;634;9;1.394,82;21.01.2019
92;47;166;2;243,54;06.09.2019
93;16;161;1;209,10;14.10.2019
94;75;410;3;132,84;09.07.2020
95;55;80;7;516,60;02.03.2019
96;52;786;7;774,90;03.03.2021
97;3;632;5;984,00;02.02.2019
98;9;936;10;1.635,90;17.05.2019
99;22;831;9;1.594,08;01.06.2021
100;24;241;2;275,52;15.05.2019
101;16;584;8;1.672,80;21.04.2021
102;29;804;7;904,05;31.01.2019
103;45;432;9;797,04;09.06.2021
104;94;157;11;189,42;16.10.2020
105;91;178;2;49,20;11.11.2020
106;97;976;11;121,77;03.06.2019
107;90;505;12;265,68;10.03.2021
108;22;306;2;354,24;12.03.2019
109;30;404;4;442,80;26.10.2019
110;17;64;2;376,38;12.02.2021
111;87;945;5;166,05;18.08.2019
112;17;387;2;376,38;21.10.2020
113;2;480;8;1.771,20;05.11.2020
114;83;31;3;118,08;16.01.2021
115;10;834;12;1.682,64;03.09.2020
116;96;49;7;86,10;29.05.2019
117;91;682;4;98,40;06.10.2019
118;52;222;1;110,70;21.04.2021
119;41;26;1;147,60;13.01.2019
120;67;526;3;232,47;20.10.2020
121;23;443;12;1.889,28;29.11.2019
122;74;150;2;103,32;23.04.2021
123;35;568;10;1.033,20;02.04.2019
124;5;645;9;1.328,40;13.11.2019
125;75;109;12;531,36;16.11.2020
126;56;230;9;996,30;13.05.2021
127;15;785;7;929,88;21.06.2021
128;59;344;8;619,92;16.05.2020
129;82;28;4;177,12;12.02.2021
130;8;182;7;1.308,72;23.11.2019
131;27;690;11;1.826,55;20.09.2020
132;79;152;12;516,60;20.09.2019
133;40;600;4;383,76;05.08.2019
134;90;367;3;66,42;06.09.2020
135;64;176;2;137,76;22.05.2020
136;7;90;4;841,32;01.08.2020
137;82;133;11;487,08;05.08.2019
138;52;444;1;110,70;05.12.2020
139;80;153;9;332,10;06.09.2020
140;52;962;5;553,50;16.11.2020
141;71;270;9;664,20;02.08.2019
142;48;641;4;432,96;17.05.2020
143;13;624;2;354,24;11.03.2019
144;76;853;2;123,00;18.08.2020
145;36;148;5;799,50;14.07.2020
146;71;390;5;369,00;08.05.2019
147;8;893;3;560,88;08.06.2021
148;60;601;11;730,62;08.10.2020
149;21;186;6;1.180,80;30.01.2021
150;78;496;8;393,60;09.06.2021
151;91;840;5;123,00;19.05.2021
152;6;283;4;934,80;11.08.2019
153;95;564;8;118,08;11.02.2020
154;81;652;12;590,40;14.05.2020
155;75;304;12;531,36;30.08.2019
156;76;588;6;369,00;24.07.2019
157;33;173;2;275,52;09.06.2020
158;77;883;4;221,40;12.12.2020
159;43;727;11;1.298,88;04.05.2021
160;99;763;5;43,05;25.04.2021
161;49;609;7;662,97;16.07.2020
162;61;403;1;98,40;08.11.2019
163;33;767;2;275,52;12.07.2019
164;55;806;11;811,80;02.05.2019
165;86;58;3;110,70;12.05.2021
166;88;309;6;177,12;05.11.2020
167;88;280;10;295,20;23.03.2019
168;37;713;4;575,64;27.02.2021
169;17;821;2;376,38;10.05.2019
170;75;762;6;265,68;01.02.2020
171;39;955;1;111,93;07.11.2020
172;30;131;12;1.328,40;28.06.2021
173;2;44;1;221,40;14.09.2020
174;72;680;10;664,20;20.08.2020
175;17;481;8;1.505,52;02.04.2020
176;18;302;9;1.505,52;24.04.2021
177;100;184;7;51,66;19.03.2021
178;36;653;10;1.599,00;05.10.2020
179;73;361;4;236,16;10.03.2020
180;92;951;3;66,42;05.01.2020
181;88;349;11;324,72;21.12.2019
182;38;247;3;383,76;13.05.2021
183;66;896;5;430,50;30.12.2019
184;99;106;8;68,88;25.07.2020
185;48;953;8;865,92;20.02.2021
186;24;292;10;1.377,60;20.01.2019
187;89;446;11;284,13;11.12.2019
188;57;655;4;398,52;10.08.2019
189;79;306;9;387,45;20.01.2019
190;51;295;9;1.107,00;03.04.2021
191;18;924;1;167,28;29.05.2019
192;54;336;7;602,70;22.05.2019
193;71;212;5;369,00;14.08.2020
194;67;725;4;309,96;15.03.2021
195;88;431;8;236,16;03.03.2021
196;35;103;1;103,32;25.04.2019
197;83;883;12;472,32;28.02.2020
198;6;849;8;1.869,60;11.05.2020
199;7;207;3;630,99;22.04.2021
200;68;254;6;413,28;13.04.2020
201;97;54;4;44,28;11.07.2020
202;39;866;12;1.343,16;07.11.2020
203;31;308;8;1.377,60;25.04.2019
204;57;968;7;697,41;31.01.2019
205;1;233;4;984,00;03.05.2019
206;36;438;6;959,40;11.01.2021
207;70;479;2;103,32;11.06.2020
208;37;204;12;1.726,92;08.11.2020
209;35;201;12;1.239,84;20.08.2020
210;21;650;1;196,80;03.02.2019
211;35;143;10;1.033,20;29.12.2019
212;74;504;4;206,64;16.09.2020
213;45;936;1;88,56;07.01.2021
214;21;155;9;1.771,20;13.01.2019
215;65;10;11;649,44;16.08.2020
216;57;651;1;99,63;20.02.2021
217;47;400;8;974,16;11.10.2019
218;79;855;9;387,45;26.02.2021
219;57;451;9;896,67;17.11.2020
220;61;423;5;492,00;19.10.2019
221;26;64;4;738,00;19.04.2020
222;30;517;8;885,60;03.07.2019
223;26;421;3;553,50;30.12.2020
224;66;802;1;86,10;10.02.2021
225;13;453;1;177,12;03.10.2020
226;26;859;1;184,50;12.10.2019
227;36;777;4;639,60;25.03.2020
228;85;420;8;236,16;02.12.2020
229;13;862;8;1.416,96;08.02.2021
230;100;386;11;81,18;24.10.2020
231;57;200;10;996,30;06.08.2019
232;95;904;6;88,56;30.07.2019
233;100;120;11;81,18;12.01.2021
234;99;292;6;51,66;20.03.2019
235;27;518;6;996,30;07.02.2019
236;20;947;3;376,38;28.03.2021
237;89;892;8;206,64;17.01.2019
238;35;457;9;929,88;06.03.2021
239;57;712;4;398,52;28.05.2019
240;92;291;4;88,56;23.06.2020
241;43;601;3;354,24;13.05.2021
242;56;260;6;664,20;20.06.2020
243;89;432;9;232,47;02.02.2019
244;50;131;2;162,36;31.07.2020
245;13;307;9;1.594,08;15.02.2020
246;8;792;4;747,84;16.08.2020
247;46;564;10;1.353,00;04.11.2019
248;26;693;3;553,50;11.09.2019
249;1;54;12;2.952,00;25.03.2021
250;60;665;1;66,42;01.01.2019
251;48;554;7;757,68;09.02.2020
252;92;12;12;265,68;10.01.2021
253;33;905;5;688,80;11.05.2019
254;30;894;2;221,40;28.02.2019
255;75;375;11;487,08;13.02.2021
256;30;819;11;1.217,70;27.03.2019
257;70;657;9;464,94;11.06.2019
258;36;48;6;959,40;08.08.2019
259;22;700;3;531,36;11.04.2019
260;81;484;3;147,60;04.11.2019
261;80;757;9;332,10;06.07.2020
262;70;289;5;258,30;01.04.2020
263;47;595;12;1.461,24;31.05.2021
264;11;664;2;442,80;15.05.2020
265;70;717;7;361,62;12.10.2019
266;97;498;8;88,56;07.10.2020
267;56;890;2;221,40;11.05.2020
268;15;580;4;531,36;20.11.2019
269;8;793;6;1.121,76;11.01.2019
270;26;650;5;922,50;15.11.2019
271;59;598;12;929,88;28.02.2021
272;87;691;11;365,31;27.10.2020
273;50;795;11;892,98;16.07.2020
274;36;298;5;799,50;19.02.2021
275;16;725;4;836,40;10.07.2020
276;68;842;4;275,52;19.04.2020
277;25;484;3;354,24;27.07.2019
278;32;718;6;929,88;10.05.2021
279;69;630;1;60,27;17.11.2020
280;33;111;12;1.653,12;05.04.2021
281;8;404;1;186,96;11.10.2019
282;72;554;10;664,20;03.08.2020
283;7;122;7;1.472,31;03.04.2021
284;21;795;4;787,20;20.06.2020
285;83;652;3;118,08;03.06.2019
286;64;512;2;137,76;15.04.2019
287;38;26;1;127,92;16.02.2020
288;77;142;5;276,75;19.02.2021
289;77;987;9;498,15;14.04.2021
290;49;301;12;1.136,52;04.03.2021
291;23;528;11;1.731,84;26.04.2019
292;47;135;8;974,16;11.02.2019
293;26;496;10;1.845,00;22.03.2021
294;89;157;2;51,66;01.11.2019
295;38;231;5;639,60;17.02.2019
296;26;812;1;184,50;25.01.2020
297;98;541;8;78,72;13.05.2020
298;43;284;3;354,24;27.07.2019
299;47;370;6;730,62;19.12.2019
300;67;687;4;309,96;16.02.2019
301;12;388;1;199,26;05.10.2020
302;75;264;12;531,36;13.01.2021
303;6;210;8;1.869,60;17.03.2019
304;79;79;7;301,35;28.09.2020
305;29;401;3;387,45;27.01.2020
306;26;138;8;1.476,00;18.05.2021
307;54;515;6;516,60;05.01.2019
308;82;303;6;265,68;11.03.2020
309;11;134;9;1.992,60;27.12.2020
310;13;153;4;708,48;27.11.2020
311;23;672;3;472,32;03.07.2020
312;30;987;4;442,80;06.04.2021
313;45;470;8;708,48;06.04.2021
314;94;702;10;172,20;15.05.2019
315;64;666;1;68,88;04.12.2020
316;31;490;3;516,60;30.01.2021
317;33;128;3;413,28;14.10.2019
318;93;192;11;216,48;01.03.2020
319;34;718;6;723,24;12.04.2020
320;25;277;6;708,48;11.07.2019
321;72;788;4;265,68;31.12.2019
322;100;683;12;88,56;08.02.2019
323;55;501;1;73,80;07.04.2020
324;94;202;11;189,42;30.05.2021
325;27;449;7;1.162,35;18.02.2019
326;78;150;10;492,00;18.08.2020
327;18;989;1;167,28;07.06.2019
328;40;165;3;287,82;06.05.2021
329;3;645;3;590,40;09.08.2020
330;100;442;9;66,42;04.07.2019
331;44;232;6;619,92;24.12.2020
332;49;797;4;378,84;19.05.2020
333;79;260;6;258,30;11.04.2021
334;91;602;5;123,00;14.04.2019
335;82;819;6;265,68;27.06.2019
336;12;291;5;996,30;26.07.2019
337;5;277;3;442,80;19.05.2019
338;99;329;2;17,22;31.05.2020
339;50;486;10;811,80;02.01.2021
340;49;440;3;284,13;16.01.2021
341;55;350;6;442,80;22.01.2020
342;88;868;4;118,08;28.03.2020
343;11;733;8;1.771,20;30.04.2020
344;74;327;1;51,66;28.12.2019
345;45;354;10;885,60;18.05.2021
346;61;172;6;590,40;15.04.2021
347;72;919;8;531,36;06.02.2020
348;24;502;2;275,52;21.07.2019
349;97;769;2;22,14;02.04.2021
350;29;991;2;258,30;31.08.2020
351;13;604;3;531,36;24.04.2021
352;13;708;2;354,24;05.04.2019
353;54;193;4;344,40;29.01.2019
354;77;23;3;166,05;19.05.2021
355;88;649;2;59,04;31.10.2019
356;87;462;4;132,84;19.05.2019
357;9;865;5;817,95;14.07.2020
358;21;598;4;787,20;21.06.2020
359;49;27;1;94,71;08.05.2021
360;75;662;6;265,68;26.01.2021
361;82;461;2;88,56;10.04.2019
362;80;315;2;73,80;20.03.2019
363;54;210;3;258,30;16.12.2019
364;19;550;6;878,22;01.01.2021
365;49;340;6;568,26;21.04.2020
366;45;553;8;708,48;14.02.2021
367;38;840;5;639,60;09.03.2020
368;9;314;1;163,59;18.12.2020
369;48;54;10;1.082,40;20.02.2021
370;48;642;8;865,92;15.08.2020
371;99;896;12;103,32;17.12.2019
372;48;757;10;1.082,40;01.05.2021
373;21;797;8;1.574,40;06.11.2020
374;22;444;7;1.239,84;21.04.2020
375;71;974;1;73,80;16.03.2019
376;90;860;8;177,12;19.03.2021
377;92;163;11;243,54;24.12.2020
378;67;199;1;77,49;13.01.2020
379;62;57;8;708,48;09.11.2019
380;4;954;5;861,00;25.11.2019
381;5;100;5;738,00;20.10.2019
382;3;254;7;1.377,60;23.03.2019
383;87;64;11;365,31;05.12.2019
384;66;62;5;430,50;27.07.2019
385;65;318;3;177,12;08.08.2019
386;78;205;11;541,20;11.05.2019
387;3;205;3;590,40;04.04.2019
388;88;728;11;324,72;26.05.2019
389;92;645;8;177,12;13.06.2021
390;48;369;5;541,20;30.04.2021
391;58;960;9;797,04;06.05.2021
392;91;64;1;24,60;30.10.2020
393;73;861;8;472,32;20.09.2020
394;38;413;7;895,44;06.01.2021
395;6;673;2;467,40;26.01.2020
396;55;970;7;516,60;12.03.2019
397;27;20;2;332,10;15.09.2019
398;14;238;5;774,90;19.02.2021
399;62;431;12;1.062,72;15.01.2020
400;1;658;4;984,00;07.05.2020
401;30;469;6;664,20;02.01.2020
402;14;97;7;1.084,86;07.02.2020
403;52;474;2;221,40;03.05.2021
404;33;244;8;1.102,08;24.04.2021
405;56;716;11;1.217,70;28.03.2020
406;13;667;8;1.416,96;14.07.2019
407;79;322;12;516,60;22.02.2019
408;29;989;10;1.291,50;27.12.2019
409;95;590;6;88,56;25.05.2019
410;53;129;9;885,60;09.11.2020
411;15;686;4;531,36;20.09.2020
412;98;170;12;118,08;12.07.2020
413;94;345;10;172,20;20.09.2019
414;17;704;11;2.070,09;09.11.2020
415;10;777;7;981,54;05.08.2020
416;39;661;12;1.343,16;26.04.2019
417;82;221;4;177,12;29.08.2019
418;61;434;10;984,00;21.02.2020
419;58;210;4;354,24;24.01.2019
420;36;780;2;319,80;29.10.2019
421;62;621;8;708,48;14.01.2021
422;96;889;9;110,70;05.03.2019
423;98;607;1;9,84;27.03.2020
424;87;488;10;332,10;01.03.2020
425;31;137;10;1.722,00;25.03.2019
426;35;115;7;723,24;25.06.2019
427;40;401;8;767,52;06.06.2021
428;5;153;12;1.771,20;08.10.2020
429;52;746;3;332,10;23.02.2021
430;70;925;4;206,64;21.08.2020
431;20;774;4;501,84;19.09.2020
432;86;16;10;369,00;13.07.2020
433;90;587;4;88,56;04.01.2019
434;18;684;11;1.840,08;26.02.2019
435;75;568;3;132,84;01.01.2019
436;26;279;9;1.660,50;30.04.2020
437;43;330;1;118,08;17.06.2020
438;45;570;12;1.062,72;02.07.2020
439;13;711;9;1.594,08;01.06.2020
440;68;235;11;757,68;02.01.2020
441;100;134;11;81,18;19.01.2021
442;83;569;4;157,44;23.03.2019
443;11;716;11;2.435,40;29.02.2020
444;36;475;3;479,70;25.04.2020
445;63;345;1;78,72;15.11.2020
446;99;250;7;60,27;15.06.2021
447;32;613;11;1.704,78;17.06.2020
448;36;207;4;639,60;25.12.2020
449;29;591;8;1.033,20;15.06.2021
450;15;421;12;1.594,08;20.04.2020
451;68;653;8;551,04;18.02.2020
452;58;581;10;885,60;11.12.2020
453;56;231;8;885,60;09.06.2021
454;44;632;4;413,28;28.05.2021
455;60;385;8;531,36;17.07.2019
456;94;77;12;206,64;29.04.2019
457;43;782;3;354,24;09.08.2019
458;10;147;8;1.121,76;28.03.2021
459;17;980;6;1.129,14;18.05.2020
460;92;972;1;22,14;13.07.2019
461;12;642;4;797,04;05.04.2021
462;66;638;7;602,70;01.07.2020
463;77;248;11;608,85;20.02.2020
464;9;898;10;1.635,90;22.06.2019
465;25;320;12;1.416,96;30.01.2020
466;57;900;1;99,63;17.03.2020
467;47;561;9;1.095,93;12.07.2019
468;81;191;8;393,60;23.01.2019
469;36;595;11;1.758,90;16.04.2021
470;95;316;1;14,76;24.02.2021
471;12;766;6;1.195,56;23.10.2020
472;75;679;6;265,68;14.09.2019
473;86;387;4;147,60;11.07.2019
474;80;270;10;369,00;01.08.2020
475;87;773;7;232,47;08.09.2020
476;18;358;8;1.338,24;15.02.2021
477;51;566;5;615,00;17.05.2019
478;9;473;12;1.963,08;15.07.2019
479;7;253;11;2.313,63;22.05.2019
480;65;789;10;590,40;20.04.2020
481;8;204;4;747,84;19.06.2020
482;80;798;12;442,80;04.10.2020
483;96;15;9;110,70;08.02.2019
484;57;236;7;697,41;10.05.2019
485;87;495;5;166,05;11.01.2020
486;19;687;3;439,11;10.02.2020
487;49;9;6;568,26;21.05.2019
488;93;539;8;157,44;16.08.2020
489;64;289;4;275,52;26.11.2019
490;47;510;10;1.217,70;29.04.2019
491;7;925;5;1.051,65;27.12.2019
492;3;765;10;1.968,00;07.10.2020
493;58;505;5;442,80;21.10.2019
494;6;712;12;2.804,40;26.01.2021
495;86;89;11;405,90;30.05.2021
496;83;777;11;432,96;14.02.2019
497;31;536;8;1.377,60;03.06.2019
498;65;963;1;59,04;29.04.2019
499;93;173;3;59,04;15.05.2020
500;61;492;2;196,80;23.11.2020
501;95;122;7;103,32;01.05.2019
502;14;11;3;464,94;10.01.2020
503;86;250;3;110,70;23.03.2021
504;86;757;1;36,90;01.05.2019
505;19;196;4;585,48;04.12.2019
506;2;465;7;1.549,80;08.04.2019
507;74;649;2;103,32;30.03.2019
508;15;471;5;664,20;27.05.2019
509;66;214;2;172,20;01.04.2019
510;90;106;5;110,70;06.09.2020
511;11;513;6;1.328,40;26.07.2019
512;41;784;9;1.328,40;30.07.2020
513;15;863;9;1.195,56;20.03.2020
514;98;860;9;88,56;13.09.2019
515;29;464;1;129,15;14.02.2020
516;53;396;11;1.082,40;10.06.2021
517;93;703;2;39,36;03.10.2020
518;26;906;9;1.660,50;08.01.2020
519;85;412;9;265,68;10.08.2020
520;16;914;1;209,10;09.12.2020
521;52;130;4;442,80;08.10.2019
522;86;355;4;147,60;05.09.2020
523;87;921;4;132,84;07.08.2020
524;3;914;2;393,60;20.03.2020
525;77;677;1;55,35;16.10.2020
526;95;796;2;29,52;25.07.2019
527;85;748;3;88,56;08.06.2020
528;36;589;7;1.119,30;03.08.2020
529;56;468;4;442,80;31.10.2019
530;66;479;1;86,10;11.04.2019
531;7;879;1;210,33;15.11.2020
532;7;931;9;1.892,97;09.07.2019
533;3;284;9;1.771,20;19.06.2021
534;98;300;3;29,52;26.08.2020
535;100;438;5;36,90;24.04.2020
536;15;272;4;531,36;14.06.2021
537;62;121;8;708,48;23.01.2020
538;5;62;2;295,20;07.11.2020
539;64;339;5;344,40;07.03.2019
540;79;581;1;43,05;18.04.2020
541;54;535;4;344,40;26.06.2020
542;45;677;12;1.062,72;28.04.2020
543;34;959;9;1.084,86;23.02.2019
544;70;661;6;309,96;25.04.2020
545;93;875;10;196,80;25.12.2019
546;46;770;7;947,10;23.02.2021
547;99;627;3;25,83;26.12.2019
548;64;509;11;757,68;06.06.2020
549;79;726;1;43,05;02.03.2019
550;15;621;10;1.328,40;25.06.2020
551;88;132;6;177,12;19.09.2020
552;50;808;2;162,36;16.07.2019
553;98;748;11;108,24;30.07.2020
554;28;772;9;1.328,40;19.03.2020
555;28;383;10;1.476,00;17.02.2019
556;100;852;12;88,56;31.01.2019
557;12;974;12;2.391,12;29.12.2019
558;11;809;2;442,80;07.05.2019
559;27;749;4;664,20;13.11.2020
560;94;230;10;172,20;05.01.2019
561;12;744;4;797,04;25.04.2021
562;55;16;6;442,80;28.09.2020
563;3;935;10;1.968,00;08.11.2020
564;26;578;10;1.845,00;07.04.2019
565;58;520;7;619,92;16.09.2020
566;42;245;9;1.195,56;02.08.2019
567;75;138;4;177,12;15.05.2021
568;13;344;3;531,36;04.04.2019
569;7;891;5;1.051,65;16.04.2021
570;16;719;10;2.091,00;30.01.2021
571;62;370;1;88,56;12.09.2019
572;15;749;12;1.594,08;16.12.2020
573;84;495;9;309,96;05.01.2019
574;22;187;5;885,60;06.11.2019
575;71;297;7;516,60;11.08.2020
576;52;907;12;1.328,40;12.11.2020
577;96;306;4;49,20;11.09.2020
578;53;722;7;688,80;09.05.2021
579;48;223;4;432,96;13.10.2020
580;38;556;7;895,44;10.07.2019
581;69;416;1;60,27;07.07.2019
582;100;3;8;59,04;09.04.2019
583;53;620;1;98,40;20.01.2020
584;30;80;6;664,20;21.04.2020
585;21;14;11;2.164,80;02.05.2020
586;11;939;3;664,20;09.03.2020
587;99;557;6;51,66;24.02.2019
588;8;692;1;186,96;19.08.2019
589;66;822;10;861,00;28.07.2020
590;25;574;5;590,40;03.04.2020
591;17;593;1;188,19;10.03.2019
592;74;946;12;619,92;06.07.2019
593;26;354;9;1.660,50;13.01.2019
594;23;224;10;1.574,40;08.03.2019
595;20;173;9;1.129,14;22.04.2019
596;79;195;12;516,60;13.06.2021
597;33;17;7;964,32;11.01.2019
598;78;678;6;295,20;25.04.2021
599;70;753;11;568,26;04.04.2019
600;6;867;6;1.402,20;16.07.2019
601;30;991;6;664,20;10.02.2021
602;43;881;9;1.062,72;28.03.2019
603;34;592;4;482,16;02.11.2019
604;26;568;5;922,50;25.09.2019
605;23;211;12;1.889,28;09.07.2019
606;61;110;1;98,40;25.08.2019
607;70;729;1;51,66;20.06.2021
608;24;816;4;551,04;20.01.2020
609;6;331;1;233,70;27.04.2019
610;4;289;4;688,80;24.04.2019
611;9;523;8;1.308,72;23.05.2021
612;10;558;2;280,44;16.01.2020
613;81;901;11;541,20;19.05.2021
614;70;407;8;413,28;07.04.2021
615;6;780;4;934,80;09.07.2020
616;37;215;5;719,55;03.09.2019
617;4;500;3;516,60;29.12.2020
618;45;130;12;1.062,72;25.03.2019
619;89;457;10;258,30;30.07.2020
620;98;378;8;78,72;25.06.2020
621;11;581;4;885,60;14.02.2021
622;88;699;11;324,72;01.06.2019
623;49;389;6;568,26;18.04.2020
624;2;634;5;1.107,00;10.03.2021
625;73;652;12;708,48;09.10.2019
626;49;435;9;852,39;18.02.2021
627;13;854;5;885,60;21.04.2021
628;52;373;5;553,50;25.06.2021
629;98;37;8;78,72;08.07.2020
630;8;956;2;373,92;23.02.2020
631;91;723;12;295,20;23.04.2019
632;4;204;6;1.033,20;19.08.2019
633;51;614;4;492,00;13.10.2019
634;10;23;10;1.402,20;13.12.2020
635;78;419;7;344,40;23.10.2020
636;4;397;7;1.205,40;26.11.2019
637;6;232;9;2.103,30;04.04.2020
638;44;778;10;1.033,20;28.02.2021
639;7;756;6;1.261,98;31.03.2020
640;38;297;5;639,60;06.08.2019
641;75;696;4;177,12;19.10.2020
642;73;24;6;354,24;12.06.2019
643;48;191;12;1.298,88;25.10.2019
644;21;412;10;1.968,00;24.04.2020
645;30;460;1;110,70;25.05.2020
646;46;17;1;135,30;12.06.2020
647;28;98;7;1.033,20;13.12.2019
648;92;816;7;154,98;25.06.2021
649;70;542;11;568,26;23.04.2020
650;46;468;6;811,80;14.11.2019
651;37;115;4;575,64;24.01.2021
652;82;646;1;44,28;07.06.2020
653;37;546;6;863,46;21.07.2019
654;27;153;1;166,05;03.06.2019
655;86;392;8;295,20;07.03.2020
656;31;960;9;1.549,80;24.10.2019
657;91;124;5;123,00;03.10.2020
658;39;67;10;1.119,30;19.03.2020
659;44;838;10;1.033,20;04.11.2020
660;97;172;6;66,42;22.11.2020
661;75;178;6;265,68;07.08.2019
662;1;5;12;2.952,00;13.02.2019
663;80;641;4;147,60;02.04.2020
664;34;439;7;843,78;10.07.2019
665;82;386;12;531,36;01.02.2020
666;4;243;4;688,80;25.04.2019
667;90;918;5;110,70;11.04.2020
668;92;105;4;88,56;12.07.2019
669;76;447;3;184,50;08.04.2020
670;41;768;3;442,80;12.02.2020
671;92;696;6;132,84;20.01.2019
672;44;959;11;1.136,52;28.01.2021
673;44;811;11;1.136,52;17.02.2021
674;13;238;1;177,12;13.05.2020
675;6;845;4;934,80;13.05.2019
676;18;220;12;2.007,36;04.07.2019
677;36;864;10;1.599,00;29.12.2020
678;27;410;12;1.992,60;10.01.2020
679;16;272;9;1.881,90;10.03.2020
680;37;66;7;1.007,37;05.08.2019
681;44;992;4;413,28;31.12.2019
682;6;490;2;467,40;25.04.2021
683;43;311;12;1.416,96;11.03.2020
684;28;762;7;1.033,20;29.07.2019
685;33;242;10;1.377,60;16.02.2019
686;37;263;10;1.439,10;22.11.2020
687;39;146;9;1.007,37;19.01.2020
688;83;840;8;314,88;05.07.2020
689;53;46;8;787,20;11.01.2019
690;72;459;10;664,20;30.01.2021
691;63;41;2;157,44;03.03.2021
692;64;257;6;413,28;02.08.2019
693;92;226;4;88,56;27.04.2020
694;14;630;1;154,98;14.05.2020
695;7;770;3;630,99;13.02.2019
696;60;364;3;199,26;26.09.2019
697;75;446;2;88,56;29.01.2020
698;50;183;10;811,80;11.03.2021
699;78;592;6;295,20;21.05.2019
700;1;343;6;1.476,00;15.03.2019
701;25;912;11;1.298,88;27.09.2019
702;59;835;6;464,94;06.01.2021
703;22;162;4;708,48;13.11.2020
704;56;224;11;1.217,70;26.08.2020
705;8;678;10;1.869,60;22.01.2020
706;70;42;10;516,60;25.08.2020
707;83;308;4;157,44;17.10.2020
708;22;241;1;177,12;19.02.2019
709;6;190;11;2.570,70;09.01.2021
710;92;315;10;221,40;18.09.2020
711;78;942;6;295,20;22.03.2021
712;92;713;1;22,14;20.07.2019
713;49;265;5;473,55;06.02.2019
714;65;449;11;649,44;04.07.2019
715;49;74;4;378,84;08.10.2019
716;40;840;11;1.055,34;31.08.2020
717;64;302;10;688,80;27.02.2021
718;21;77;4;787,20;01.06.2019
719;92;735;3;66,42;31.12.2020
720;8;990;6;1.121,76;01.01.2020
721;97;500;10;110,70;12.01.2019
722;18;676;9;1.505,52;01.09.2020
723;81;563;4;196,80;21.09.2019
724;7;926;10;2.103,30;10.09.2020
725;59;314;5;387,45;05.03.2019
726;39;886;9;1.007,37;14.08.2019
727;71;552;8;590,40;19.06.2019
728;43;621;9;1.062,72;24.06.2021
729;50;124;12;974,16;20.12.2019
730;67;677;12;929,88;29.10.2019
731;81;989;4;196,80;14.06.2019
732;86;490;7;258,30;04.03.2020
733;71;204;11;811,80;24.03.2021
734;24;620;6;826,56;13.06.2021
735;80;708;1;36,90;17.04.2020
736;52;910;3;332,10;02.04.2021
737;67;958;11;852,39;10.12.2019
738;76;305;9;553,50;20.01.2019
739;66;249;2;172,20;30.06.2019
740;50;611;5;405,90;08.01.2021
741;54;772;9;774,90;01.06.2021
742;47;345;8;974,16;23.03.2021
743;64;697;6;413,28;28.01.2021
744;87;487;9;298,89;14.11.2020
745;87;498;6;199,26;19.07.2019
746;69;55;8;482,16;26.04.2019
747;89;183;4;103,32;26.12.2019
748;80;955;4;147,60;23.08.2019
749;67;13;12;929,88;24.10.2020
750;39;47;1;111,93;12.01.2019
751;5;813;11;1.623,60;18.03.2021
752;1;918;4;984,00;18.07.2019
753;36;120;8;1.279,20;31.01.2020
754;82;34;4;177,12;07.02.2021
755;79;728;1;43,05;09.02.2021
756;88;896;6;177,12;25.04.2020
757;42;637;9;1.195,56;28.11.2019
758;85;574;10;295,20;31.03.2021
759;35;804;8;826,56;08.12.2020
760;20;796;7;878,22;06.05.2019
761;17;691;4;752,76;22.11.2019
762;14;425;9;1.394,82;31.05.2020
763;61;775;7;688,80;28.08.2020
764;5;795;4;590,40;03.09.2019
765;70;355;3;154,98;10.03.2020
766;35;135;1;103,32;20.03.2021
767;25;723;3;354,24;17.05.2019
768;25;653;5;590,40;19.02.2021
769;81;631;7;344,40;08.02.2019
770;17;96;3;564,57;28.08.2019
771;95;882;4;59,04;20.09.2020
772;38;951;1;127,92;30.05.2019
773;62;620;1;88,56;04.09.2020
774;36;366;3;479,70;11.08.2020
775;63;422;7;551,04;24.11.2019
776;14;597;5;774,90;21.05.2021
777;50;748;2;162,36;19.05.2019
778;20;926;10;1.254,60;20.11.2019
779;62;971;4;354,24;01.10.2019
780;9;167;11;1.799,49;21.01.2021
781;27;164;1;166,05;26.10.2020
782;17;641;8;1.505,52;12.01.2019
783;35;82;8;826,56;27.08.2020
784;49;463;3;284,13;27.10.2020
785;62;69;12;1.062,72;20.01.2021
786;48;250;5;541,20;03.02.2021
787;52;340;1;110,70;13.01.2019
788;81;273;4;196,80;22.04.2019
789;28;196;5;738,00;08.01.2019
790;54;422;11;947,10;15.04.2020
791;7;184;2;420,66;25.07.2019
792;99;137;5;43,05;09.06.2021
793;47;104;1;121,77;17.01.2021
794;30;876;6;664,20;29.09.2019
795;28;531;3;442,80;13.05.2020
796;6;402;1;233,70;01.06.2019
797;86;718;10;369,00;19.09.2019
798;83;918;8;314,88;21.09.2019
799;16;569;1;209,10;06.09.2019
800;21;940;12;2.361,60;28.06.2020
801;47;514;8;974,16;24.11.2020
802;93;419;9;177,12;18.07.2020
803;80;789;2;73,80;11.11.2019
804;62;490;8;708,48;26.09.2019
805;70;118;10;516,60;26.11.2020
806;100;471;5;36,90;19.01.2019
807;99;12;9;77,49;11.06.2019
808;63;505;11;865,92;03.05.2019
809;24;149;11;1.515,36;27.10.2019
810;66;375;11;947,10;17.03.2021
811;97;880;5;55,35;09.05.2020
812;33;448;10;1.377,60;22.11.2019
813;69;152;1;60,27;27.05.2021
814;69;340;4;241,08;23.03.2021
815;25;350;5;590,40;28.02.2020
816;85;557;6;177,12;07.01.2021
817;2;374;12;2.656,80;13.07.2020
818;96;787;2;24,60;25.11.2020
819;68;555;5;344,40;29.10.2020
820;63;223;5;393,60;02.03.2021
821;54;352;8;688,80;13.04.2019
822;40;764;7;671,58;16.09.2019
823;51;118;12;1.476,00;29.03.2020
824;16;879;6;1.254,60;17.03.2021
825;93;209;11;216,48;05.07.2020
826;36;255;6;959,40;07.12.2020
827;92;355;7;154,98;17.09.2020
828;34;241;2;241,08;03.02.2020
829;3;180;2;393,60;23.03.2021
830;96;623;3;36,90;10.04.2021
831;56;62;10;1.107,00;10.12.2020
832;75;859;2;88,56;28.08.2020
833;13;601;12;2.125,44;04.09.2020
834;45;496;6;531,36;11.10.2019
835;32;780;5;774,90;04.02.2019
836;34;543;8;964,32;10.05.2021
837;52;638;9;996,30;24.05.2019
838;17;608;9;1.693,71;12.03.2019
839;84;859;12;413,28;02.03.2019
840;62;147;3;265,68;07.09.2019
841;96;266;1;12,30;13.04.2019
842;26;904;1;184,50;22.04.2019
843;40;89;9;863,46;29.01.2020
844;56;241;4;442,80;17.07.2020
845;11;908;10;2.214,00;18.02.2019
846;9;369;8;1.308,72;03.03.2021
847;8;993;4;747,84;08.03.2021
848;60;288;4;265,68;26.03.2019
849;36;556;2;319,80;12.08.2020
850;28;119;10;1.476,00;16.11.2019
851;59;897;2;154,98;16.02.2019
852;38;83;3;383,76;01.04.2021
853;69;376;5;301,35;27.04.2019
854;66;114;8;688,80;02.03.2019
855;54;291;7;602,70;07.07.2019
856;90;176;7;154,98;24.07.2020
857;28;424;9;1.328,40;13.12.2020
858;21;260;7;1.377,60;23.03.2020
859;24;282;12;1.653,12;07.09.2020
860;71;485;8;590,40;06.04.2021
861;59;261;4;309,96;10.10.2020
862;4;216;1;172,20;15.07.2019
863;55;716;8;590,40;12.06.2019
864;27;302;5;830,25;25.05.2021
865;13;731;2;354,24;23.06.2020
866;19;823;7;1.024,59;01.04.2020
867;98;915;7;68,88;03.11.2020
868;98;825;3;29,52;21.04.2019
869;30;618;12;1.328,40;31.08.2020
870;26;304;7;1.291,50;17.03.2020
871;7;381;2;420,66;26.01.2020
872;92;500;8;177,12;25.03.2021
873;57;115;4;398,52;02.02.2019
874;35;61;2;206,64;07.10.2019
875;78;196;11;541,20;20.02.2021
876;14;702;1;154,98;13.07.2020
877;53;186;10;984,00;30.11.2019
878;18;488;2;334,56;18.11.2019
879;55;789;12;885,60;04.10.2020
880;41;611;9;1.328,40;19.04.2021
881;14;667;3;464,94;08.11.2019
882;85;262;7;206,64;30.04.2020
883;71;607;6;442,80;27.12.2020
884;77;231;9;498,15;28.10.2020
885;18;342;10;1.672,80;20.09.2020
886;68;699;12;826,56;05.11.2019
887;43;394;1;118,08;27.03.2021
888;58;372;2;177,12;02.05.2019
889;77;502;12;664,20;16.04.2020
890;94;766;3;51,66;23.06.2021
891;3;367;12;2.361,60;01.01.2021
892;39;151;1;111,93;06.11.2019
893;22;794;5;885,60;05.12.2020
894;27;906;2;332,10;26.02.2020
895;29;709;3;387,45;18.06.2019
896;84;400;7;241,08;20.06.2019
897;76;846;4;246,00;01.04.2020
898;62;60;7;619,92;30.07.2020
899;36;899;3;479,70;22.09.2019
900;20;634;3;376,38;15.07.2020
901;52;35;11;1.217,70;15.11.2019
902;57;87;10;996,30;06.04.2020
903;7;649;4;841,32;25.12.2020
904;93;663;6;118,08;04.01.2020
905;71;423;5;369,00;10.05.2019
906;24;576;4;551,04;29.08.2020
907;97;801;2;22,14;16.04.2021
908;82;698;12;531,36;20.11.2019
909;61;455;3;295,20;19.05.2020
910;93;925;9;177,12;30.04.2020
911;92;432;11;243,54;15.10.2019
912;74;607;11;568,26;02.02.2021
913;60;754;8;531,36;31.05.2021
914;84;444;1;34,44;01.04.2019
915;89;888;9;232,47;13.07.2020
916;2;734;12;2.656,80;01.04.2020
917;41;915;11;1.623,60;01.04.2019
918;36;528;1;159,90;29.11.2020
919;1;255;5;1.230,00;19.01.2020
920;96;263;9;110,70;09.08.2020
921;34;803;4;482,16;06.10.2020
922;43;660;6;708,48;23.05.2020
923;51;885;3;369,00;12.07.2019
924;97;827;2;22,14;19.06.2021
925;53;32;3;295,20;05.07.2019
926;52;86;1;110,70;15.08.2020
927;60;717;12;797,04;14.05.2021
928;68;578;6;413,28;23.07.2020
929;24;421;5;688,80;11.09.2020
930;63;555;1;78,72;25.04.2020
931;60;444;4;265,68;06.05.2021
932;49;947;4;378,84;07.02.2021
933;86;916;2;73,80;04.01.2019
934;89;667;6;154,98;15.11.2019
935;2;57;7;1.549,80;21.03.2019
936;63;21;4;314,88;29.12.2019
937;67;942;11;852,39;29.01.2019
938;83;258;5;196,80;08.03.2021
939;47;491;9;1.095,93;04.03.2020
940;73;273;3;177,12;24.02.2019
941;39;690;2;223,86;18.01.2021
942;84;670;3;103,32;20.06.2020
943;91;920;4;98,40;13.01.2021
944;52;991;11;1.217,70;03.02.2020
945;16;197;2;418,20;14.06.2021
946;21;706;7;1.377,60;09.10.2019
947;23;801;4;629,76;08.03.2021
948;53;682;8;787,20;19.06.2020
949;91;854;8;196,80;03.03.2020
950;84;98;9;309,96;06.06.2021
951;58;854;6;531,36;17.06.2021
952;29;639;6;774,90;25.05.2019
953;21;669;2;393,60;26.05.2019
954;60;399;7;464,94;01.11.2020
955;70;961;7;361,62;02.04.2020
956;82;754;11;487,08;11.05.2020
957;27;434;4;664,20;20.10.2020
958;69;641;11;662,97;11.01.2019
959;67;910;12;929,88;06.11.2019
960;10;925;6;841,32;13.03.2019
961;91;588;1;24,60;13.02.2019
962;82;433;10;442,80;23.05.2021
963;26;948;10;1.845,00;11.06.2020
964;58;571;11;974,16;24.12.2020
965;90;128;9;199,26;07.05.2021
966;10;643;11;1.542,42;02.10.2020
967;94;153;10;172,20;21.12.2019
968;40;291;1;95,94;10.08.2020
969;9;187;5;817,95;29.08.2019
970;87;605;12;398,52;06.05.2020
971;71;852;4;295,20;24.03.2019
972;14;798;4;619,92;07.02.2020
973;45;345;8;708,48;07.04.2021
974;7;200;4;841,32;08.09.2019
975;49;99;1;94,71;10.05.2021
976;40;136;10;959,40;27.02.2019
977;27;544;5;830,25;30.01.2019
978;87;115;7;232,47;22.08.2020
979;12;506;7;1.394,82;14.02.2019
980;34;448;5;602,70;01.04.2020
981;78;276;1;49,20;19.03.2021
982;60;485;10;664,20;15.01.2021
983;10;870;8;1.121,76;02.06.2021
984;22;203;7;1.239,84;21.10.2019
985;18;648;10;1.672,80;29.06.2021
986;67;715;11;852,39;05.01.2020
987;45;75;12;1.062,72;31.05.2020
988;73;34;11;649,44;28.05.2019
989;36;27;1;159,90;28.04.2019
990;19;485;8;1.170,96;14.06.2019
991;24;919;8;1.102,08;31.10.2020
992;79;534;4;172,20;15.11.2019
993;15;711;5;664,20;28.11.2020
994;94;71;11;189,42;04.02.2021
995;38;817;12;1.535,04;25.02.2021
996;75;763;10;442,80;31.01.2020
997;11;885;4;885,60;17.03.2020
998;15;158;1;132,84;10.12.2020
999;62;285;2;177,12;01.04.2019
1000;39;660;12;1.343,16;24.08.2019
1001;79;92;5;215,25;21.10.2019
1002;84;824;10;344,40;19.07.2020
1003;14;593;12;1.859,76;05.03.2020
1004;84;125;2;68,88;07.01.2019
1005;68;541;8;551,04;06.12.2020
1006;51;70;8;984,00;09.04.2019
1007;2;153;11;2.435,40;04.05.2020
1008;63;778;7;551,04;09.01.2019
1009;1;897;12;2.952,00;12.01.2019
1010;78;430;11;541,20;20.10.2020
1011;18;63;3;501,84;04.10.2019
1012;73;396;12;708,48;21.04.2020
1013;43;580;1;118,08;05.05.2020
1014;76;261;7;430,50;09.02.2020
1015;92;686;3;66,42;14.01.2021
1016;25;933;6;708,48;06.03.2021
1017;79;564;9;387,45;08.12.2019
1018;14;245;10;1.549,80;03.12.2019
1019;77;161;12;664,20;23.04.2019
1020;26;159;3;553,50;13.08.2020
1021;46;562;8;1.082,40;17.05.2021
1022;30;164;2;221,40;29.11.2020
1023;75;449;9;398,52;19.12.2019
1024;67;465;8;619,92;05.01.2020
1025;15;525;9;1.195,56;16.03.2021
1026;87;983;8;265,68;10.07.2019
1027;63;655;1;78,72;22.03.2020
1028;65;34;9;531,36;04.04.2019
1029;7;855;3;630,99;08.05.2019
1030;86;815;6;221,40;08.02.2021
1031;92;410;9;199,26;20.07.2019
1032;68;526;11;757,68;10.10.2020
1033;15;425;11;1.461,24;18.04.2020
1034;62;686;6;531,36;07.04.2019
1035;16;329;9;1.881,90;24.08.2020
1036;87;995;9;298,89;19.03.2019
1037;84;351;4;137,76;07.01.2020
1038;54;115;2;172,20;06.06.2020
1039;52;289;12;1.328,40;24.03.2020
1040;63;790;8;629,76;23.11.2019
1041;75;293;7;309,96;15.04.2020
1042;17;65;8;1.505,52;07.12.2020
1043;55;793;9;664,20;12.02.2019
1044;98;394;11;108,24;03.06.2019
1045;74;770;11;568,26;25.01.2021
1046;55;410;3;221,40;16.11.2020
1047;2;212;8;1.771,20;12.08.2019
1048;10;36;6;841,32;30.11.2019
1049;19;11;12;1.756,44;23.08.2019
1050;14;891;2;309,96;05.09.2020
1051;35;835;9;929,88;22.12.2019
1052;37;945;2;287,82;05.04.2021
1053;93;336;8;157,44;10.07.2020
1054;65;488;8;472,32;16.12.2019
1055;69;154;5;301,35;10.11.2020
1056;97;721;6;66,42;07.01.2021
1057;49;636;2;189,42;12.07.2020
1058;52;563;6;664,20;27.12.2020
1059;48;884;6;649,44;28.02.2019
1060;94;582;9;154,98;19.05.2020
1061;6;178;5;1.168,50;24.08.2019
1062;70;898;4;206,64;18.11.2020
1063;20;576;4;501,84;19.09.2019
1064;57;729;5;498,15;27.01.2021
1065;73;1;5;295,20;23.11.2019
1066;52;785;11;1.217,70;16.05.2020
1067;39;207;6;671,58;16.06.2021
1068;34;14;12;1.446,48;22.03.2021
1069;2;579;1;221,40;31.08.2019
1070;97;388;3;33,21;15.03.2020
1071;78;277;11;541,20;01.03.2020
1072;8;26;8;1.495,68;08.01.2019
1073;85;648;12;354,24;24.01.2021
1074;41;936;3;442,80;02.05.2020
1075;30;287;10;1.107,00;29.04.2021
1076;78;993;11;541,20;14.10.2020
1077;79;773;8;344,40;14.01.2019
1078;72;598;9;597,78;02.01.2019
1079;1;988;8;1.968,00;29.09.2019
1080;37;28;8;1.151,28;27.10.2019
1081;80;975;8;295,20;13.10.2019
1082;10;200;5;701,10;11.10.2019
1083;39;607;4;447,72;22.02.2019
1084;84;31;3;103,32;26.11.2020
1085;83;694;3;118,08;16.05.2020
1086;58;432;9;797,04;04.11.2020
1087;87;732;3;99,63;03.12.2020
1088;81;91;6;295,20;20.09.2020
1089;41;577;7;1.033,20;13.11.2020
1090;97;647;7;77,49;05.03.2020
1091;54;401;1;86,10;18.10.2019
1092;32;90;8;1.239,84;26.03.2019
1093;2;515;9;1.992,60;02.12.2020
1094;91;998;12;295,20;19.04.2020
1095;43;740;4;472,32;19.02.2020
1096;13;423;1;177,12;25.12.2020
1097;36;855;5;799,50;25.01.2021
1098;14;558;8;1.239,84;02.05.2019
1099;32;936;1;154,98;16.02.2019
1100;1;842;10;2.460,00;19.06.2021
1101;39;249;4;447,72;04.12.2020
1102;47;952;3;365,31;11.02.2020
1103;57;314;9;896,67;17.01.2021
1104;4;641;6;1.033,20;19.08.2020
1105;72;918;6;398,52;21.04.2021
1106;96;650;8;98,40;11.10.2020
1107;63;133;6;472,32;27.06.2020
1108;44;379;6;619,92;14.01.2019
1109;89;502;11;284,13;16.08.2019
1110;99;546;7;60,27;02.07.2020
1111;95;611;12;177,12;20.08.2020
1112;45;568;12;1.062,72;17.07.2020
1113;15;875;6;797,04;07.09.2020
1114;23;730;3;472,32;09.02.2021
1115;21;956;8;1.574,40;22.05.2020
1116;91;261;10;246,00;06.07.2020
1117;50;445;9;730,62;10.05.2021
1118;61;532;7;688,80;16.05.2021
1119;89;647;3;77,49;01.01.2020
1120;30;346;12;1.328,40;26.12.2019
1121;4;993;10;1.722,00;02.06.2020
1122;65;766;6;354,24;02.03.2019
1123;1;794;1;246,00;30.04.2020
1124;7;362;2;420,66;15.07.2020
1125;48;87;3;324,72;03.01.2020
1126;78;710;10;492,00;26.01.2021
1127;1;243;11;2.706,00;04.09.2020
1128;82;79;8;354,24;25.09.2020
1129;36;712;7;1.119,30;20.01.2019
1130;31;978;10;1.722,00;20.04.2021
1131;34;343;10;1.205,40;02.08.2019
1132;26;917;10;1.845,00;19.09.2020
1133;2;587;9;1.992,60;07.07.2019
1134;58;77;5;442,80;23.08.2019
1135;53;446;2;196,80;30.07.2019
1136;49;366;7;662,97;14.03.2021
1137;83;442;10;393,60;13.05.2020
1138;27;939;6;996,30;25.04.2020
1139;46;810;8;1.082,40;06.06.2021
1140;44;9;10;1.033,20;09.10.2020
1141;33;334;4;551,04;18.07.2020
1142;85;668;4;118,08;03.01.2021
1143;82;200;6;265,68;23.06.2019
1144;49;839;5;473,55;03.12.2019
1145;65;211;8;472,32;18.01.2020
1146;44;128;11;1.136,52;21.01.2021
1147;87;99;2;66,42;08.07.2019
1148;35;873;3;309,96;04.04.2021
1149;57;216;12;1.195,56;16.01.2021
1150;92;639;6;132,84;29.05.2020
1151;85;157;4;118,08;27.02.2020
1152;28;959;7;1.033,20;11.01.2019
1153;55;774;6;442,80;06.01.2020
1154;76;247;3;184,50;06.07.2019
1155;99;241;2;17,22;18.06.2020
1156;6;490;11;2.570,70;14.06.2021
1157;18;652;9;1.505,52;12.03.2019
1158;68;335;1;68,88;11.10.2020
1159;72;238;7;464,94;17.01.2020
1160;35;132;9;929,88;20.04.2021
1161;89;659;2;51,66;31.07.2019
1162;34;498;9;1.084,86;01.11.2020
1163;78;898;3;147,60;15.12.2020
1164;47;37;12;1.461,24;21.05.2019
1165;3;472;12;2.361,60;09.04.2020
1166;54;781;10;861,00;07.03.2021
1167;49;30;7;662,97;07.07.2019
1168;42;815;2;265,68;25.07.2019
1169;56;718;7;774,90;15.09.2020
1170;79;100;12;516,60;06.01.2020
1171;57;842;1;99,63;01.06.2019
1172;30;502;5;553,50;02.10.2019
1173;76;435;12;738,00;09.03.2019
1174;80;619;5;184,50;04.05.2019
1175;39;365;8;895,44;08.01.2021
1176;68;112;3;206,64;07.01.2021
1177;23;363;6;944,64;10.01.2021
1178;31;238;2;344,40;08.01.2021
1179;73;12;3;177,12;21.05.2021
1180;12;174;12;2.391,12;10.10.2019
1181;12;67;5;996,30;26.06.2021
1182;4;843;8;1.377,60;05.10.2019
1183;57;467;3;298,89;31.12.2019
1184;96;416;10;123,00;06.12.2020
1185;49;960;12;1.136,52;26.10.2020
1186;100;637;11;81,18;24.11.2020
1187;63;634;9;708,48;08.11.2019
1188;57;804;1;99,63;17.03.2021
1189;12;471;1;199,26;24.06.2019
1190;12;482;3;597,78;05.04.2020
1191;5;926;8;1.180,80;04.01.2020
1192;49;188;12;1.136,52;25.06.2020
1193;4;112;1;172,20;23.04.2020
1194;100;829;11;81,18;01.01.2020
1195;97;954;6;66,42;29.01.2019
1196;28;147;1;147,60;12.02.2021
1197;58;427;1;88,56;25.05.2020
1198;98;695;9;88,56;14.10.2019
1199;26;375;10;1.845,00;12.03.2021
1200;73;746;1;59,04;26.11.2019
1201;94;397;11;189,42;24.06.2020
1202;63;795;3;236,16;27.08.2019
1203;13;496;1;177,12;09.03.2021
1204;68;85;3;206,64;18.12.2019
1205;87;910;9;298,89;01.01.2020
1206;2;218;3;664,20;16.11.2019
1207;84;834;11;378,84;18.01.2019
1208;70;390;4;206,64;01.03.2021
1209;58;279;5;442,80;11.02.2020
1210;56;293;9;996,30;27.03.2020
1211;46;791;6;811,80;05.02.2021
1212;74;675;8;413,28;09.07.2019
1213;78;537;4;196,80;22.10.2020
1214;78;578;5;246,00;02.10.2020
1215;73;375;7;413,28;11.03.2021
1216;79;323;3;129,15;02.12.2020
1217;64;262;10;688,80;10.02.2019
1218;25;978;6;708,48;20.05.2021
1219;15;892;12;1.594,08;25.11.2019
1220;85;758;10;295,20;05.02.2020
1221;40;544;1;95,94;20.10.2020
1222;94;760;11;189,42;23.10.2019
1223;99;44;7;60,27;15.09.2020
1224;55;307;10;738,00;30.03.2020
1225;32;31;10;1.549,80;13.02.2019
1226;83;775;6;236,16;10.07.2020
1227;40;809;7;671,58;04.03.2019
1228;29;421;12;1.549,80;14.12.2019
1229;56;327;3;332,10;12.04.2019
1230;43;213;12;1.416,96;02.09.2019
1231;23;35;10;1.574,40;05.11.2020
1232;16;28;9;1.881,90;05.08.2019
1233;87;186;7;232,47;23.02.2020
1234;29;392;2;258,30;25.02.2019
1235;92;651;10;221,40;09.12.2020
1236;20;212;8;1.003,68;27.11.2020
1237;16;724;11;2.300,10;30.01.2019
1238;99;261;4;34,44;15.04.2019
1239;75;451;8;354,24;02.07.2020
1240;23;84;7;1.102,08;30.07.2020
1241;96;404;2;24,60;21.10.2019
1242;35;635;3;309,96;08.02.2020
1243;76;745;1;61,50;19.06.2021
1244;24;664;2;275,52;29.03.2020
1245;88;608;7;206,64;18.08.2019
1246;35;471;6;619,92;24.05.2020
1247;7;256;5;1.051,65;15.04.2021
1248;86;524;1;36,90;30.09.2019
1249;25;319;11;1.298,88;20.12.2019
1250;73;745;2;118,08;09.05.2019
1251;18;143;2;334,56;26.01.2021
1252;89;485;1;25,83;15.06.2021
1253;16;916;4;836,40;25.11.2020
1254;10;627;6;841,32;27.11.2020
1255;87;754;12;398,52;16.02.2019
1256;10;597;12;1.682,64;04.11.2019
1257;30;293;12;1.328,40;03.07.2020
1258;84;98;3;103,32;18.01.2020
1259;39;748;6;671,58;24.08.2020
1260;88;855;6;177,12;02.02.2020
1261;56;658;10;1.107,00;12.06.2019
1262;24;315;2;275,52;15.01.2021
1263;5;197;5;738,00;02.12.2020
1264;65;793;12;708,48;26.10.2020
1265;7;185;5;1.051,65;29.06.2019
1266;86;608;1;36,90;09.02.2020
1267;11;312;10;2.214,00;02.06.2020
1268;55;705;4;295,20;28.09.2019
1269;60;49;3;199,26;13.02.2019
1270;23;862;2;314,88;11.06.2019
1271;39;763;1;111,93;02.10.2020
1272;74;962;6;309,96;14.02.2019
1273;91;571;11;270,60;04.08.2020
1274;54;964;6;516,60;13.09.2020
1275;20;960;6;752,76;16.01.2019
1276;27;265;11;1.826,55;23.10.2020
1277;48;94;9;974,16;21.07.2019
1278;14;352;9;1.394,82;18.11.2019
1279;97;328;3;33,21;30.08.2020
1280;26;630;6;1.107,00;01.08.2019
1281;26;524;5;922,50;21.05.2021
1282;86;319;1;36,90;02.09.2020
1283;94;628;9;154,98;05.12.2019
1284;71;922;4;295,20;05.08.2020
1285;79;451;4;172,20;27.10.2019
1286;3;649;4;787,20;29.12.2019
1287;29;954;3;387,45;21.06.2019
1288;92;335;11;243,54;11.02.2021
1289;4;376;2;344,40;19.08.2020
1290;4;444;3;516,60;12.06.2020
1291;13;706;11;1.948,32;12.12.2019
1292;62;533;5;442,80;24.02.2021
1293;20;586;1;125,46;07.06.2019
1294;76;633;12;738,00;06.07.2020
1295;73;676;7;413,28;19.04.2019
1296;80;887;6;221,40;13.06.2020
1297;49;57;1;94,71;29.05.2021
1298;62;68;2;177,12;24.09.2019
1299;28;19;9;1.328,40;03.06.2020
1300;89;952;7;180,81;04.02.2021
1301;2;764;6;1.328,40;04.04.2020
1302;97;373;1;11,07;17.09.2019
1303;2;64;5;1.107,00;17.03.2020
1304;92;153;10;221,40;06.05.2021
1305;15;387;4;531,36;05.03.2019
1306;20;151;11;1.380,06;16.06.2021
1307;19;760;12;1.756,44;04.07.2020
1308;26;60;6;1.107,00;11.01.2019
1309;14;607;3;464,94;31.07.2020
1310;86;215;6;221,40;02.10.2019
1311;4;212;4;688,80;14.06.2020
1312;44;379;4;413,28;27.09.2019
1313;45;363;12;1.062,72;04.03.2020
1314;23;77;8;1.259,52;27.03.2020
1315;72;875;3;199,26;07.05.2019
1316;5;663;6;885,60;08.01.2019
1317;42;341;4;531,36;24.03.2021
1318;4;30;8;1.377,60;29.10.2020
1319;97;360;6;66,42;13.01.2021
1320;83;459;5;196,80;20.01.2020
1321;62;615;1;88,56;05.07.2019
1322;27;593;7;1.162,35;13.05.2020
1323;69;508;6;361,62;21.02.2020
1324;52;867;8;885,60;14.11.2020
1325;61;178;8;787,20;07.03.2021
1326;94;531;1;17,22;20.09.2020
1327;76;374;9;553,50;31.07.2019
1328;92;288;5;110,70;19.04.2021
1329;34;540;8;964,32;29.05.2019
1330;88;926;9;265,68;21.05.2020
1331;55;133;3;221,40;06.11.2020
1332;14;710;9;1.394,82;03.01.2019
1333;63;764;4;314,88;20.02.2019
1334;70;520;11;568,26;29.10.2019
1335;20;993;8;1.003,68;19.05.2021
1336;51;181;11;1.353,00;04.10.2019
1337;72;323;6;398,52;15.03.2021
1338;85;925;11;324,72;04.09.2019
1339;6;926;5;1.168,50;19.12.2020
1340;37;777;11;1.583,01;01.09.2020
1341;54;47;12;1.033,20;31.08.2019
1342;22;203;8;1.416,96;06.12.2019
1343;76;298;3;184,50;07.07.2020
1344;95;392;6;88,56;17.02.2020
1345;67;667;11;852,39;26.02.2021
1346;24;910;11;1.515,36;28.04.2021
1347;74;679;11;568,26;21.09.2019
1348;37;692;8;1.151,28;11.11.2020
1349;95;709;3;44,28;18.11.2019
1350;21;687;3;590,40;18.07.2019
1351;65;365;9;531,36;08.09.2019
1352;78;439;4;196,80;17.01.2020
1353;64;59;3;206,64;26.06.2020
1354;86;286;9;332,10;04.09.2020
1355;12;198;7;1.394,82;05.03.2021
1356;9;757;12;1.963,08;12.12.2019
1357;69;49;1;60,27;28.10.2020
1358;2;533;10;2.214,00;09.09.2019
1359;89;251;10;258,30;20.05.2019
1360;1;159;4;984,00;03.08.2020
1361;43;197;11;1.298,88;11.04.2019
1362;31;535;9;1.549,80;27.10.2019
1363;3;104;8;1.574,40;18.02.2020
1364;2;719;2;442,80;22.12.2019
1365;75;735;6;265,68;21.03.2021
1366;36;268;4;639,60;19.11.2020
1367;17;216;5;940,95;05.05.2021
1368;35;173;3;309,96;29.07.2019
1369;4;742;4;688,80;04.09.2019
1370;66;874;10;861,00;08.04.2021
1371;81;840;10;492,00;10.10.2019
1372;76;701;2;123,00;27.10.2019
1373;79;71;5;215,25;12.01.2019
1374;63;44;9;708,48;06.01.2019
1375;9;144;7;1.145,13;19.02.2019
1376;82;117;8;354,24;05.11.2020
1377;49;482;3;284,13;01.12.2019
1378;55;198;12;885,60;14.07.2019
1379;93;164;9;177,12;19.12.2020
1380;39;567;5;559,65;24.10.2020
1381;8;330;11;2.056,56;18.12.2020
1382;9;103;7;1.145,13;08.05.2021
1383;33;88;9;1.239,84;16.04.2019
1384;17;861;10;1.881,90;13.03.2021
1385;83;300;5;196,80;10.07.2019
1386;94;854;7;120,54;04.12.2019
1387;51;48;10;1.230,00;15.08.2020
1388;9;426;10;1.635,90;24.08.2019
1389;96;998;10;123,00;11.05.2020
1390;51;521;12;1.476,00;09.09.2020
1391;86;164;4;147,60;18.05.2020
1392;12;435;5;996,30;10.10.2019
1393;75;870;3;132,84;22.01.2020
1394;10;1000;2;280,44;12.05.2020
1395;15;576;7;929,88;29.04.2020
1396;7;658;6;1.261,98;20.12.2019
1397;1;862;11;2.706,00;08.05.2019
1398;84;798;7;241,08;16.08.2019
1399;21;171;11;2.164,80;04.03.2019
1400;45;518;9;797,04;10.02.2020
1401;85;613;8;236,16;09.04.2021
1402;87;824;6;199,26;01.03.2021
1403;26;775;4;738,00;05.11.2020
1404;41;759;5;738,00;09.10.2020
1405;22;248;9;1.594,08;03.11.2019
1406;70;367;4;206,64;03.10.2019
1407;47;536;11;1.339,47;22.09.2019
1408;98;759;3;29,52;08.02.2020
1409;56;116;7;774,90;13.07.2020
1410;14;402;7;1.084,86;14.03.2021
1411;49;283;1;94,71;08.09.2019
1412;89;332;5;129,15;13.08.2019
1413;79;759;1;43,05;13.02.2019
1414;67;156;1;77,49;23.11.2019
1415;99;246;12;103,32;10.09.2019
1416;18;634;9;1.505,52;10.08.2020
1417;63;463;10;787,20;06.05.2020
1418;21;547;10;1.968,00;03.01.2020
1419;19;422;7;1.024,59;04.01.2021
1420;84;794;11;378,84;27.07.2020
1421;96;552;2;24,60;04.09.2019
1422;68;782;6;413,28;04.09.2019
1423;44;443;1;103,32;10.04.2021
1424;83;240;12;472,32;26.05.2021
1425;42;778;7;929,88;19.07.2020
1426;79;450;6;258,30;09.12.2019
1427;41;277;7;1.033,20;12.05.2019
1428;48;574;12;1.298,88;25.12.2020
1429;55;397;9;664,20;21.07.2020
1430;78;752;7;344,40;13.08.2020
1431;50;682;6;487,08;30.06.2020
1432;20;775;11;1.380,06;21.06.2021
1433;54;172;4;344,40;02.06.2019
1434;20;45;7;878,22;18.09.2019
1435;68;858;4;275,52;04.02.2020
1436;21;589;6;1.180,80;06.02.2020
1437;64;309;3;206,64;08.05.2020
1438;78;570;12;590,40;01.09.2019
1439;46;713;5;676,50;01.02.2021
1440;9;28;12;1.963,08;31.07.2019
1441;98;648;6;59,04;16.12.2019
1442;24;787;7;964,32;21.07.2019
1443;87;130;8;265,68;03.03.2021
1444;65;580;1;59,04;24.05.2020
1445;67;295;8;619,92;14.05.2019
1446;38;525;9;1.151,28;31.12.2020
1447;61;490;6;590,40;21.05.2019
1448;4;236;5;861,00;03.06.2021
1449;54;644;9;774,90;09.04.2019
1450;42;302;5;664,20;03.06.2021
1451;3;288;7;1.377,60;24.01.2021
1452;70;99;7;361,62;24.03.2021
1453;35;724;10;1.033,20;17.04.2020
1454;20;604;9;1.129,14;27.04.2020
1455;81;17;1;49,20;23.07.2019
1456;12;752;4;797,04;20.05.2020
1457;5;274;10;1.476,00;24.05.2021
1458;88;93;5;147,60;24.08.2020
1459;100;767;6;44,28;29.06.2020
1460;57;72;4;398,52;20.10.2019
1461;33;284;2;275,52;26.05.2019
1462;35;950;2;206,64;10.09.2020
1463;61;553;6;590,40;31.10.2019
1464;30;965;10;1.107,00;11.01.2019
1465;62;72;3;265,68;04.09.2020
1466;10;277;7;981,54;08.04.2019
1467;46;687;11;1.488,30;06.05.2021
1468;6;155;12;2.804,40;23.02.2019
1469;12;605;4;797,04;21.01.2019
1470;66;980;7;602,70;16.10.2020
1471;87;667;2;66,42;31.10.2020
1472;58;707;7;619,92;10.10.2019
1473;3;182;10;1.968,00;01.05.2019
1474;3;94;5;984,00;10.05.2021
1475;54;420;12;1.033,20;23.07.2020
1476;70;313;3;154,98;25.06.2021
1477;88;636;10;295,20;01.05.2021
1478;30;743;1;110,70;15.07.2020
1479;14;524;10;1.549,80;08.02.2020
1480;21;275;3;590,40;16.03.2021
1481;99;149;10;86,10;05.10.2019
1482;22;866;5;885,60;21.01.2019
1483;67;504;3;232,47;20.02.2020
1484;27;20;8;1.328,40;13.02.2020
1485;26;610;10;1.845,00;03.03.2019
1486;50;263;9;730,62;14.01.2021
1487;99;882;1;8,61;01.10.2019
1488;40;770;2;191,88;12.09.2020
1489;55;28;2;147,60;18.03.2020
1490;55;940;11;811,80;07.09.2019
1491;26;771;11;2.029,50;20.09.2020
1492;44;128;6;619,92;14.06.2021
1493;51;926;3;369,00;16.07.2020
1494;26;878;12;2.214,00;04.01.2021
1495;20;594;12;1.505,52;03.04.2020
1496;97;632;7;77,49;24.01.2019
1497;52;981;3;332,10;09.07.2020
1498;8;164;11;2.056,56;17.06.2020
1499;14;635;11;1.704,78;09.11.2019
1500;87;123;8;265,68;09.03.2021
1501;17;130;3;564,57;28.09.2019
1502;56;54;5;553,50;24.03.2021
1503;100;221;2;14,76;28.04.2019
1504;40;537;9;863,46;30.06.2019
1505;27;528;4;664,20;11.06.2019
1506;8;861;9;1.682,64;08.12.2020
1507;22;118;8;1.416,96;05.06.2019
1508;50;978;5;405,90;08.05.2021
1509;55;927;3;221,40;26.12.2019
1510;48;562;4;432,96;14.05.2019
1511;19;726;7;1.024,59;17.11.2020
1512;74;696;8;413,28;09.08.2020
1513;27;39;6;996,30;20.08.2020
1514;88;921;2;59,04;05.01.2020
1515;95;397;2;29,52;25.02.2020
1516;85;561;11;324,72;01.04.2019
1517;66;881;1;86,10;04.12.2020
1518;1;770;6;1.476,00;24.01.2019
1519;100;451;11;81,18;11.04.2019
1520;47;266;9;1.095,93;23.05.2020
1521;74;30;5;258,30;16.12.2020
1522;19;754;8;1.170,96;30.01.2021
1523;48;413;9;974,16;09.06.2020
1524;68;354;6;413,28;16.06.2020
1525;84;182;10;344,40;12.05.2019
1526;7;578;9;1.892,97;05.04.2019
1527;52;7;2;221,40;11.01.2021
1528;50;562;9;730,62;13.09.2019
1529;49;531;11;1.041,81;07.12.2019
1530;13;125;3;531,36;03.10.2019
1531;93;296;3;59,04;18.11.2020
1532;38;346;6;767,52;09.09.2020
1533;24;549;10;1.377,60;14.10.2019
1534;83;829;12;472,32;09.12.2020
1535;39;381;8;895,44;25.01.2020
1536;39;875;3;335,79;04.04.2021
1537;4;911;4;688,80;01.02.2020
1538;65;924;5;295,20;01.08.2019
1539;78;256;2;98,40;17.09.2020
1540;52;720;11;1.217,70;29.05.2019
1541;91;216;11;270,60;21.12.2019
1542;88;752;1;29,52;20.04.2019
1543;87;770;3;99,63;28.01.2020
1544;22;616;10;1.771,20;09.03.2020
1545;5;294;7;1.033,20;06.09.2019
1546;56;685;2;221,40;03.11.2019
1547;48;450;12;1.298,88;01.03.2020
1548;16;223;3;627,30;07.05.2020
1549;16;412;4;836,40;05.07.2020
1550;83;50;4;157,44;04.03.2021
1551;41;636;3;442,80;04.05.2019
1552;75;964;10;442,80;07.04.2020
1553;35;585;10;1.033,20;23.11.2020
1554;22;952;11;1.948,32;30.05.2021
1555;71;650;3;221,40;07.12.2020
1556;15;461;1;132,84;27.01.2019
1557;28;46;6;885,60;24.12.2020
1558;88;987;12;354,24;08.05.2020
1559;14;30;12;1.859,76;25.02.2020
1560;70;422;5;258,30;15.06.2021
1561;26;536;3;553,50;25.04.2019
1562;12;619;1;199,26;25.06.2020
1563;77;35;2;110,70;01.06.2019
1564;32;778;10;1.549,80;06.05.2019
1565;80;8;8;295,20;08.08.2019
1566;32;592;1;154,98;13.04.2021
1567;8;413;12;2.243,52;20.02.2019
1568;91;762;7;172,20;03.06.2021
1569;55;209;2;147,60;13.06.2021
1570;54;757;9;774,90;10.01.2019
1571;30;354;4;442,80;04.10.2020
1572;94;721;1;17,22;05.05.2020
1573;45;333;2;177,12;30.03.2020
1574;92;755;11;243,54;07.10.2020
1575;95;539;2;29,52;19.12.2020
1576;65;707;10;590,40;01.04.2019
1577;50;514;1;81,18;09.03.2021
1578;53;491;7;688,80;01.01.2021
1579;27;277;9;1.494,45;05.06.2021
1580;79;492;11;473,55;13.05.2020
1581;11;134;8;1.771,20;08.07.2019
1582;77;61;4;221,40;10.01.2021
1583;19;187;12;1.756,44;02.03.2021
1584;38;694;6;767,52;17.01.2019
1585;36;907;5;799,50;02.04.2021
1586;28;790;3;442,80;20.03.2021
1587;58;17;1;88,56;02.04.2019
1588;7;924;8;1.682,64;19.11.2020
1589;89;379;6;154,98;24.06.2019
1590;79;665;10;430,50;25.10.2019
1591;69;443;4;241,08;20.07.2020
1592;45;957;3;265,68;11.05.2021
1593;79;760;7;301,35;27.03.2021
1594;89;833;2;51,66;19.07.2020
1595;21;260;12;2.361,60;20.02.2020
1596;54;824;2;172,20;02.12.2019
1597;86;407;8;295,20;11.04.2019
1598;83;726;10;393,60;30.08.2019
1599;17;835;11;2.070,09;18.09.2020
1600;91;138;9;221,40;23.12.2020
1601;83;738;2;78,72;14.03.2021
1602;100;216;11;81,18;31.03.2020
1603;55;909;2;147,60;10.11.2019
1604;27;115;12;1.992,60;09.06.2019
1605;76;991;5;307,50;24.11.2020
1606;25;596;6;708,48;08.10.2019
1607;19;273;2;292,74;17.03.2021
1608;66;996;2;172,20;20.11.2019
1609;19;281;9;1.317,33;09.03.2021
1610;13;712;2;354,24;27.12.2019
1611;52;843;12;1.328,40;07.06.2020
1612;33;679;3;413,28;07.02.2020
1613;45;89;9;797,04;24.09.2020
1614;60;493;12;797,04;11.04.2019
1615;80;685;1;36,90;28.02.2021
1616;23;117;4;629,76;23.03.2020
1617;25;113;4;472,32;13.07.2020
1618;75;915;7;309,96;17.12.2020
1619;70;516;7;361,62;22.02.2020
1620;99;468;10;86,10;29.07.2019
1621;99;996;1;8,61;27.04.2020
1622;30;790;6;664,20;29.04.2021
1623;46;915;4;541,20;17.04.2020
1624;15;162;12;1.594,08;16.05.2019
1625;88;312;4;118,08;03.07.2020
1626;23;78;7;1.102,08;22.03.2019
1627;28;304;4;590,40;14.02.2019
1628;55;648;10;738,00;11.04.2019
1629;94;776;11;189,42;04.09.2019
1630;41;284;11;1.623,60;30.09.2019
1631;33;794;4;551,04;29.12.2020
1632;5;704;5;738,00;27.09.2020
1633;65;919;1;59,04;21.05.2020
1634;17;581;6;1.129,14;15.09.2020
1635;68;789;12;826,56;05.09.2020
1636;99;826;2;17,22;22.07.2020
1637;40;298;12;1.151,28;02.09.2019
1638;41;526;1;147,60;29.08.2019
1639;46;238;12;1.623,60;23.05.2020
1640;59;680;11;852,39;27.10.2019
1641;27;601;5;830,25;07.12.2019
1642;73;432;6;354,24;30.12.2019
1643;76;721;3;184,50;06.05.2021
1644;98;173;3;29,52;18.11.2020
1645;100;724;8;59,04;03.03.2021
1646;22;63;12;2.125,44;27.07.2020
1647;68;670;7;482,16;29.10.2020
1648;28;223;9;1.328,40;11.06.2021
1649;28;743;11;1.623,60;20.04.2019
1650;92;44;5;110,70;06.02.2019
1651;8;156;8;1.495,68;10.03.2021
1652;64;47;10;688,80;28.01.2020
1653;56;262;9;996,30;12.06.2021
1654;70;654;8;413,28;29.01.2020
1655;61;732;11;1.082,40;19.10.2020
1656;81;474;12;590,40;14.06.2021
1657;97;379;2;22,14;07.03.2021
1658;26;892;11;2.029,50;28.06.2021
1659;39;794;11;1.231,23;16.03.2020
1660;9;98;6;981,54;01.06.2019
1661;37;411;2;287,82;16.05.2020
1662;16;348;2;418,20;05.08.2019
1663;92;728;1;22,14;17.02.2019
1664;28;704;3;442,80;01.07.2020
1665;15;128;7;929,88;15.01.2021
1666;88;827;2;59,04;25.06.2021
1667;8;420;9;1.682,64;08.11.2019
1668;51;314;6;738,00;08.09.2019
1669;61;32;12;1.180,80;24.02.2021
1670;96;548;1;12,30;17.03.2020
1671;35;650;9;929,88;16.06.2020
1672;57;887;5;498,15;29.06.2020
1673;54;535;1;86,10;01.05.2020
1674;8;594;2;373,92;02.06.2019
1675;25;199;5;590,40;04.08.2019
1676;28;662;3;442,80;04.04.2021
1677;55;127;12;885,60;22.05.2020
1678;52;171;3;332,10;25.04.2019
1679;72;857;1;66,42;16.11.2019
1680;18;499;4;669,12;28.11.2019
1681;14;394;1;154,98;15.01.2021
1682;6;4;2;467,40;21.02.2021
1683;55;649;8;590,40;13.02.2021
1684;2;231;8;1.771,20;02.10.2019
1685;22;595;2;354,24;04.02.2019
1686;3;306;10;1.968,00;26.03.2020
1687;63;396;5;393,60;08.08.2019
1688;38;673;12;1.535,04;20.10.2019
1689;13;795;10;1.771,20;01.02.2020
1690;18;993;8;1.338,24;10.08.2020
1691;41;547;9;1.328,40;26.01.2021
1692;75;455;5;221,40;24.05.2021
1693;7;253;12;2.523,96;22.06.2021
1694;66;946;4;344,40;18.08.2020
1695;96;45;5;61,50;24.12.2020
1696;33;168;3;413,28;08.08.2020
1697;72;70;9;597,78;16.03.2019
1698;12;596;5;996,30;21.03.2019
1699;3;839;12;2.361,60;26.03.2019
1700;88;225;7;206,64;05.12.2020
1701;10;739;12;1.682,64;18.10.2019
1702;50;655;7;568,26;28.02.2019
1703;68;6;5;344,40;31.05.2020
1704;34;790;3;361,62;19.07.2020
1705;27;315;12;1.992,60;23.02.2020
1706;94;235;9;154,98;27.06.2021
1707;96;119;7;86,10;16.10.2019
1708;45;619;1;88,56;10.01.2020
1709;70;567;6;309,96;22.02.2019
1710;14;453;2;309,96;28.01.2019
1711;15;49;3;398,52;13.12.2019
1712;29;159;10;1.291,50;09.01.2021
1713;19;233;5;731,85;10.02.2019
1714;39;610;10;1.119,30;16.12.2019
1715;66;83;10;861,00;22.01.2021
1716;30;570;1;110,70;09.07.2020
1717;59;745;8;619,92;20.06.2019
1718;30;452;4;442,80;08.06.2019
1719;38;331;5;639,60;08.10.2020
1720;12;769;2;398,52;10.11.2019
1721;63;196;4;314,88;27.05.2019
1722;69;230;1;60,27;05.10.2019
1723;91;870;3;73,80;16.05.2021
1724;60;264;6;398,52;26.05.2020
1725;45;600;1;88,56;14.05.2021
1726;51;532;7;861,00;10.04.2020
1727;55;531;4;295,20;01.12.2020
1728;36;845;8;1.279,20;07.03.2021
1729;46;86;8;1.082,40;25.03.2021
1730;34;749;8;964,32;10.07.2020
1731;1;816;4;984,00;02.01.2020
1732;6;958;7;1.635,90;04.11.2020
1733;26;475;5;922,50;15.09.2020
1734;20;318;5;627,30;22.10.2019
1735;28;415;4;590,40;29.05.2021
1736;44;358;4;413,28;06.07.2020
1737;49;287;7;662,97;24.03.2021
1738;32;976;1;154,98;09.08.2020
1739;11;914;12;2.656,80;03.05.2019
1740;7;824;10;2.103,30;27.04.2021
1741;29;81;10;1.291,50;22.06.2021
1742;38;690;11;1.407,12;25.03.2021
1743;54;45;6;516,60;18.01.2021
1744;64;224;5;344,40;24.05.2019
1745;14;404;7;1.084,86;12.07.2020
1746;65;736;10;590,40;27.05.2019
1747;11;149;12;2.656,80;24.05.2021
1748;60;425;9;597,78;28.05.2021
1749;4;523;10;1.722,00;14.05.2021
1750;90;906;12;265,68;27.07.2020
1751;80;79;2;73,80;05.12.2019
1752;2;236;2;442,80;23.02.2019
1753;71;851;2;147,60;11.01.2020
1754;23;844;4;629,76;20.03.2019
1755;58;121;9;797,04;02.05.2020
1756;58;941;11;974,16;22.07.2019
1757;5;232;5;738,00;24.02.2019
1758;87;599;1;33,21;02.02.2021
1759;22;815;12;2.125,44;04.12.2020
1760;60;825;12;797,04;03.01.2021
1761;66;85;5;430,50;18.03.2021
1762;6;844;4;934,80;15.11.2019
1763;3;119;10;1.968,00;23.03.2021
1764;75;64;6;265,68;07.01.2021
1765;11;446;2;442,80;22.06.2020
1766;94;961;6;103,32;04.07.2020
1767;79;97;12;516,60;28.12.2020
1768;26;887;12;2.214,00;17.05.2020
1769;31;917;7;1.205,40;01.11.2020
1770;1;549;7;1.722,00;19.03.2021
1771;12;277;2;398,52;04.09.2019
1772;86;63;10;369,00;03.05.2021
1773;20;741;10;1.254,60;01.02.2021
1774;36;274;7;1.119,30;21.09.2019
1775;17;685;8;1.505,52;27.10.2019
1776;99;650;9;77,49;28.09.2019
1777;21;779;7;1.377,60;09.01.2020
1778;85;266;1;29,52;25.09.2019
1779;77;997;10;553,50;19.05.2020
1780;88;805;10;295,20;11.07.2020
1781;81;302;4;196,80;09.02.2020
1782;29;674;9;1.162,35;13.12.2019
1783;12;193;11;2.191,86;19.08.2020
1784;73;466;4;236,16;17.02.2019
1785;51;11;8;984,00;01.06.2020
1786;97;197;5;55,35;21.10.2020
1787;73;807;4;236,16;30.08.2020
1788;61;839;1;98,40;08.07.2020
1789;12;770;5;996,30;24.12.2019
1790;68;554;9;619,92;30.01.2019
1791;11;651;3;664,20;12.05.2020
1792;56;80;5;553,50;31.07.2019
1793;75;551;5;221,40;07.03.2019
1794;16;67;6;1.254,60;25.05.2020
1795;53;337;5;492,00;18.09.2019
1796;71;424;3;221,40;27.07.2019
1797;32;771;2;309,96;24.03.2021
1798;36;196;11;1.758,90;29.06.2020
1799;94;107;8;137,76;06.10.2019
1800;88;886;11;324,72;25.08.2019
1801;61;660;4;393,60;02.09.2019
1802;100;226;9;66,42;07.03.2020
1803;75;624;1;44,28;19.03.2019
1804;73;340;10;590,40;30.09.2019
1805;39;742;5;559,65;25.01.2019
1806;10;283;10;1.402,20;20.01.2019
1807;52;737;11;1.217,70;22.05.2021
1808;73;584;11;649,44;09.03.2019
1809;76;234;5;307,50;17.09.2020
1810;71;527;6;442,80;17.08.2019
1811;13;189;7;1.239,84;12.06.2020
1812;33;146;1;137,76;03.10.2020
1813;82;621;1;44,28;24.09.2020
1814;59;303;10;774,90;13.08.2020
1815;23;551;8;1.259,52;14.12.2020
1816;25;999;1;118,08;20.01.2020
1817;100;645;12;88,56;15.08.2020
1818;3;3;2;393,60;09.03.2021
1819;8;863;9;1.682,64;13.08.2019
1820;83;887;12;472,32;25.06.2019
1821;59;450;9;697,41;30.03.2020
1822;69;241;9;542,43;25.08.2019
1823;40;749;6;575,64;19.08.2019
1824;74;1;2;103,32;25.10.2020
1825;84;632;12;413,28;06.10.2019
1826;68;511;1;68,88;27.01.2019
1827;61;230;10;984,00;26.01.2019
1828;7;810;7;1.472,31;18.02.2019
1829;87;297;11;365,31;16.01.2019
1830;25;544;7;826,56;23.02.2019
1831;26;823;2;369,00;29.09.2020
1832;23;295;2;314,88;10.07.2020
1833;75;287;4;177,12;10.11.2020
1834;49;877;1;94,71;05.02.2019
1835;13;467;11;1.948,32;10.09.2020
1836;80;477;9;332,10;10.06.2019
1837;2;268;6;1.328,40;08.03.2020
1838;21;529;4;787,20;26.01.2021
1839;56;60;12;1.328,40;31.01.2020
1840;31;412;10;1.722,00;04.07.2019
1841;4;508;8;1.377,60;02.03.2021
1842;15;237;11;1.461,24;10.04.2020
1843;6;602;8;1.869,60;17.09.2020
1844;84;516;9;309,96;22.04.2021
1845;94;381;8;137,76;02.05.2020
1846;70;205;2;103,32;26.06.2019
1847;69;577;9;542,43;26.04.2021
1848;2;268;1;221,40;12.11.2020
1849;93;409;8;157,44;05.08.2019
1850;69;316;5;301,35;10.01.2021
1851;99;195;1;8,61;03.02.2020
1852;3;166;2;393,60;25.06.2019
1853;87;16;3;99,63;25.05.2019
1854;7;131;6;1.261,98;30.07.2020
1855;37;382;4;575,64;26.03.2020
1856;83;385;5;196,80;27.02.2021
1857;24;439;7;964,32;21.08.2020
1858;59;605;6;464,94;07.06.2019
1859;58;728;12;1.062,72;06.08.2019
1860;35;713;12;1.239,84;20.02.2019
1861;12;517;6;1.195,56;12.06.2019
1862;31;884;11;1.894,20;24.03.2021
1863;70;331;3;154,98;19.05.2019
1864;81;215;10;492,00;13.10.2020
1865;46;361;7;947,10;07.10.2019
1866;56;661;4;442,80;25.02.2019
1867;59;523;3;232,47;10.03.2020
1868;24;436;7;964,32;13.10.2019
1869;47;54;8;974,16;24.09.2019
1870;50;627;4;324,72;29.01.2020
1871;6;460;4;934,80;01.01.2019
1872;19;891;4;585,48;16.05.2021
1873;89;26;9;232,47;16.01.2020
1874;36;634;10;1.599,00;14.05.2019
1875;84;353;6;206,64;18.06.2020
1876;88;988;8;236,16;08.08.2019
1877;33;269;4;551,04;04.12.2020
1878;8;715;5;934,80;10.05.2020
1879;56;403;2;221,40;06.04.2021
1880;54;905;2;172,20;01.05.2021
1881;17;904;6;1.129,14;18.04.2019
1882;31;125;2;344,40;20.02.2020
1883;37;717;12;1.726,92;27.05.2019
1884;42;885;4;531,36;11.06.2020
1885;29;811;4;516,60;18.06.2020
1886;31;389;7;1.205,40;21.01.2019
1887;79;164;6;258,30;27.03.2020
1888;57;288;7;697,41;25.11.2019
1889;22;580;9;1.594,08;25.12.2020
1890;90;82;3;66,42;26.01.2021
1891;46;900;3;405,90;27.10.2020
1892;68;310;12;826,56;07.12.2019
1893;72;450;11;730,62;09.09.2020
1894;89;795;11;284,13;21.01.2019
1895;12;615;6;1.195,56;10.07.2020
1896;70;412;5;258,30;01.04.2019
1897;7;73;6;1.261,98;27.06.2020
1898;15;809;6;797,04;01.02.2021
1899;32;84;4;619,92;07.03.2021
1900;84;359;10;344,40;28.03.2020
1901;40;488;2;191,88;10.04.2019
1902;50;406;7;568,26;06.02.2021
1903;12;913;11;2.191,86;11.03.2019
1904;89;453;11;284,13;28.05.2019
1905;50;49;12;974,16;16.12.2020
1906;30;17;5;553,50;12.09.2019
1907;39;401;10;1.119,30;14.07.2020
1908;78;804;1;49,20;06.03.2019
1909;78;133;11;541,20;18.05.2020
1910;80;265;6;221,40;07.01.2021
1911;66;954;7;602,70;22.05.2020
1912;73;923;12;708,48;14.02.2020
1913;55;676;2;147,60;03.04.2021
1914;92;233;10;221,40;23.10.2020
1915;45;883;1;88,56;07.08.2020
1916;69;14;9;542,43;18.09.2020
1917;34;614;5;602,70;28.09.2019
1918;34;941;11;1.325,94;25.04.2020
1919;93;173;3;59,04;08.08.2019
1920;49;83;4;378,84;11.10.2020
1921;63;3;6;472,32;28.06.2021
1922;51;620;5;615,00;22.01.2019
1923;23;540;1;157,44;30.12.2020
1924;53;649;6;590,40;15.12.2019
1925;1;371;12;2.952,00;19.04.2019
1926;94;855;6;103,32;20.04.2019
1927;26;154;6;1.107,00;14.09.2020
1928;2;332;10;2.214,00;08.04.2019
1929;14;494;12;1.859,76;22.12.2019
1930;26;195;8;1.476,00;04.09.2019
1931;12;648;6;1.195,56;24.06.2021
1932;31;813;2;344,40;10.12.2019
1933;73;419;6;354,24;13.06.2019
1934;33;565;1;137,76;21.12.2020
1935;21;828;5;984,00;27.04.2020
1936;77;331;7;387,45;09.12.2019
1937;75;38;12;531,36;17.09.2020
1938;88;736;7;206,64;10.01.2021
1939;16;475;9;1.881,90;14.11.2019
1940;42;566;1;132,84;24.10.2019
1941;31;226;3;516,60;05.05.2021
1942;41;250;8;1.180,80;15.05.2021
1943;51;356;3;369,00;12.10.2020
1944;34;16;6;723,24;25.01.2021
1945;38;537;3;383,76;04.04.2021
1946;35;977;2;206,64;28.09.2019
1947;17;328;12;2.258,28;07.07.2019
1948;8;925;8;1.495,68;14.06.2019
1949;90;28;12;265,68;19.10.2019
1950;24;473;2;275,52;31.12.2019
1951;14;816;9;1.394,82;08.03.2020
1952;86;196;5;184,50;03.06.2019
1953;77;22;1;55,35;10.02.2019
1954;6;718;5;1.168,50;20.10.2020
1955;16;497;3;627,30;30.06.2019
1956;59;14;9;697,41;18.06.2019
1957;34;924;1;120,54;30.07.2019
1958;11;541;3;664,20;14.12.2020
1959;85;944;5;147,60;14.02.2020
1960;11;781;2;442,80;04.01.2021
1961;28;494;1;147,60;28.05.2021
1962;54;729;6;516,60;28.07.2019
1963;1;143;9;2.214,00;27.05.2020
1964;61;632;6;590,40;05.04.2020
1965;23;291;9;1.416,96;07.12.2019
1966;49;832;2;189,42;15.07.2019
1967;56;251;10;1.107,00;16.03.2019
1968;12;59;1;199,26;18.12.2020
1969;76;905;7;430,50;26.05.2021
1970;79;864;12;516,60;19.08.2019
1971;83;295;3;118,08;04.10.2020
1972;12;469;1;199,26;08.01.2019
1973;30;552;5;553,50;16.02.2019
1974;51;830;1;123,00;18.06.2020
1975;13;716;10;1.771,20;28.01.2021
1976;50;483;11;892,98;11.11.2019
1977;12;51;6;1.195,56;22.07.2020
1978;14;793;5;774,90;19.09.2019
1979;96;646;12;147,60;18.08.2019
1980;64;300;3;206,64;09.05.2020
1981;92;764;12;265,68;10.10.2020
1982;52;935;9;996,30;29.06.2020
1983;11;812;2;442,80;07.10.2019
1984;42;411;2;265,68;23.05.2020
1985;92;124;4;88,56;27.04.2021
1986;99;783;12;103,32;18.11.2020
1987;99;337;8;68,88;11.02.2020
1988;59;927;5;387,45;02.10.2020
1989;21;344;12;2.361,60;30.04.2021
1990;69;810;11;662,97;31.10.2020
1991;70;527;11;568,26;19.11.2020
1992;38;164;9;1.151,28;30.04.2020
1993;39;670;10;1.119,30;13.12.2020
1994;93;986;10;196,80;09.01.2020
1995;69;556;6;361,62;28.04.2021
1996;40;424;10;959,40;09.03.2020
1997;45;322;6;531,36;23.02.2021
1998;30;723;1;110,70;27.12.2020
1999;9;80;7;1.145,13;20.01.2021
2000;54;7;7;602,70;24.04.2021
